{"countries":[{"name":"United States","timing":"Delivery to this location takes 2-5 days","rank":100},{"name":"Canada","timing":"Delivery to this location takes 1-2 weeks","rank":99},{"name":"Afghanistan","timing":"Delivery to this location takes 4-6 weeks","rank":0},{"name":"Albania","timing":"Delivery to this location takes 4-6 weeks","rank":0},{"name":"Algeria","timing":"Delivery to this location takes 4-6 weeks","rank":0},{"name":"Andorra","timing":"Delivery to this location takes 4-6 weeks","rank":0},{"name":"Angola","timing":"Delivery to this location takes 4-6 weeks","rank":0},{"name":"Anguilla","timing":"Delivery to this location takes 4-6 weeks","rank":0},{"name":"Antarctica","timing":"Delivery to this location takes 4-6 weeks","rank":0},{"name":"Antigua and Barbuda","timing":"Delivery to this location takes 4-6 weeks","rank":0},{"name":"Argentina","timing":"Delivery to this location takes 4-6 weeks","rank":0},{"name":"Armenia","timing":"Delivery to this location takes 4-6 weeks","rank":0},{"name":"Aruba","timing":"Delivery to this location takes 4-6 weeks","rank":0},{"name":"Australia","timing":"Delivery to this location takes 4-6 weeks","rank":0},{"name":"Austria","timing":"Delivery to this location takes 4-6 weeks","rank":0},{"name":"Azerbaijan","timing":"Delivery to this location takes 4-6 weeks","rank":0},{"name":"Bahamas","timing":"Delivery to this location takes 4-6 weeks","rank":0},{"name":"Bangladesh","timing":"Delivery to this location takes 4-6 weeks","rank":0},{"name":"Barbados","timing":"Delivery to this location takes 4-6 weeks","rank":0},{"name":"Belarus","timing":"Delivery to this location takes 4-6 weeks","rank":0},{"name":"Belgium","timing":"Delivery to this location takes 4-6 weeks","rank":0},{"name":"Belize","timing":"Delivery to this location takes 4-6 weeks","rank":0},{"name":"Benin","timing":"Delivery to this location takes 4-6 weeks","rank":0},{"name":"Bermuda","timing":"Delivery to this location takes 4-6 weeks","rank":0},{"name":"Bhutan","timing":"Delivery to this location takes 4-6 weeks","rank":0},{"name":"Bolivia","timing":"Delivery to this location takes 4-6 weeks","rank":0},{"name":"Bosnia-Herzegovina","timing":"Delivery to this location takes 4-6 weeks","rank":0},{"name":"Botswana","timing":"Delivery to this location takes 4-6 weeks","rank":0},{"name":"Brazil","timing":"Delivery to this location takes 4-6 weeks","rank":0},{"name":"British Indian Ocean","timing":"Delivery to this location takes 4-6 weeks","rank":0},{"name":"British Virgin Islands","timing":"Delivery to this location takes 4-6 weeks","rank":0},{"name":"Brunei Darussalam","timing":"Delivery to this location takes 4-6 weeks","rank":0},{"name":"Bulgaria","timing":"Delivery to this location takes 4-6 weeks","rank":0},{"name":"Burkina Faso","timing":"Delivery to this location takes 4-6 weeks","rank":0},{"name":"Burundi","timing":"Delivery to this location takes 4-6 weeks","rank":0},{"name":"Cambodia","timing":"Delivery to this location takes 4-6 weeks","rank":0},{"name":"Cameroon","timing":"Delivery to this location takes 4-6 weeks","rank":0},{"name":"Cape Verde","timing":"Delivery to this location takes 4-6 weeks","rank":0},{"name":"Cayman Islands","timing":"Delivery to this location takes 4-6 weeks","rank":0},{"name":"Central African Republic","timing":"Delivery to this location takes 4-6 weeks","rank":0},{"name":"Chad","timing":"Delivery to this location takes 4-6 weeks","rank":0},{"name":"Chile","timing":"Delivery to this location takes 4-6 weeks","rank":0},{"name":"China","timing":"Delivery to this location takes 4-6 weeks","rank":0},{"name":"China","timing":"Delivery to this location takes 4-6 weeks","rank":0},{"name":"Christmas Island","timing":"Delivery to this location takes 4-6 weeks","rank":0},{"name":"Cocos Island","timing":"Delivery to this location takes 4-6 weeks","rank":0},{"name":"Colombia","timing":"Delivery to this location takes 4-6 weeks","rank":0},{"name":"Comoros","timing":"Delivery to this location takes 4-6 weeks","rank":0},{"name":"Congo, Dem. Rep. of the","timing":"Delivery to this location takes 4-6 weeks","rank":0},{"name":"Cook Islands","timing":"Delivery to this location takes 4-6 weeks","rank":0},{"name":"Costa Rica","timing":"Delivery to this location takes 4-6 weeks","rank":0},{"name":"Cote d'lvoire","timing":"Delivery to this location takes 4-6 weeks","rank":0},{"name":"Croatia","timing":"Delivery to this location takes 4-6 weeks","rank":0},{"name":"Curacao","timing":"Delivery to this location takes 4-6 weeks","rank":0},{"name":"Cyprus","timing":"Delivery to this location takes 4-6 weeks","rank":0},{"name":"Czech Republic","timing":"Delivery to this location takes 4-6 weeks","rank":0},{"name":"Denmark","timing":"Delivery to this location takes 4-6 weeks","rank":0},{"name":"Djibouti","timing":"Delivery to this location takes 4-6 weeks","rank":0},{"name":"Dominica","timing":"Delivery to this location takes 4-6 weeks","rank":0},{"name":"Dominican Republic","timing":"Delivery to this location takes 4-6 weeks","rank":0},{"name":"Ecuador","timing":"Delivery to this location takes 4-6 weeks","rank":0},{"name":"Egypt","timing":"Delivery to this location takes 4-6 weeks","rank":0},{"name":"El Salvador","timing":"Delivery to this location takes 4-6 weeks","rank":0},{"name":"Equatorial Guinea","timing":"Delivery to this location takes 4-6 weeks","rank":0},{"name":"Eritrea","timing":"Delivery to this location takes 4-6 weeks","rank":0},{"name":"Estonia","timing":"Delivery to this location takes 4-6 weeks","rank":0},{"name":"Ethiopia","timing":"Delivery to this location takes 4-6 weeks","rank":0},{"name":"Falkland Islands","timing":"Delivery to this location takes 4-6 weeks","rank":0},{"name":"Faroe Islands","timing":"Delivery to this location takes 4-6 weeks","rank":0},{"name":"Fiji","timing":"Delivery to this location takes 4-6 weeks","rank":0},{"name":"Finland","timing":"Delivery to this location takes 4-6 weeks","rank":0},{"name":"France","timing":"Delivery to this location takes 4-6 weeks","rank":0},{"name":"French Guiana","timing":"Delivery to this location takes 4-6 weeks","rank":0},{"name":"French Polynesia","timing":"Delivery to this location takes 4-6 weeks","rank":0},{"name":"French Southern Territories","timing":"Delivery to this location takes 4-6 weeks","rank":0},{"name":"Gabon","timing":"Delivery to this location takes 4-6 weeks","rank":0},{"name":"Gambia","timing":"Delivery to this location takes 4-6 weeks","rank":0},{"name":"Georgia","timing":"Delivery to this location takes 4-6 weeks","rank":0},{"name":"Germany","timing":"Delivery to this location takes 4-6 weeks","rank":0},{"name":"Ghana","timing":"Delivery to this location takes 4-6 weeks","rank":0},{"name":"Gibraltar","timing":"Delivery to this location takes 4-6 weeks","rank":0},{"name":"Greece","timing":"Delivery to this location takes 4-6 weeks","rank":0},{"name":"Greenland","timing":"Delivery to this location takes 4-6 weeks","rank":0},{"name":"Grenada","timing":"Delivery to this location takes 4-6 weeks","rank":0},{"name":"Guadeloupe","timing":"Delivery to this location takes 4-6 weeks","rank":0},{"name":"Guatemala","timing":"Delivery to this location takes 4-6 weeks","rank":0},{"name":"Guernsey","timing":"Delivery to this location takes 4-6 weeks","rank":0},{"name":"Guinea","timing":"Delivery to this location takes 4-6 weeks","rank":0},{"name":"Guinea-Bissau","timing":"Delivery to this location takes 4-6 weeks","rank":0},{"name":"Guyana","timing":"Delivery to this location takes 4-6 weeks","rank":0},{"name":"Haiti","timing":"Delivery to this location takes 4-6 weeks","rank":0},{"name":"Herd Island","timing":"Delivery to this location takes 4-6 weeks","rank":0},{"name":"Honduras","timing":"Delivery to this location takes 4-6 weeks","rank":0},{"name":"Hong Kong","timing":"Delivery to this location takes 4-6 weeks","rank":0},{"name":"Hungary","timing":"Delivery to this location takes 4-6 weeks","rank":0},{"name":"Iceland","timing":"Delivery to this location takes 4-6 weeks","rank":0},{"name":"India","timing":"Delivery to this location takes 4-6 weeks","rank":0},{"name":"Indonesia","timing":"Delivery to this location takes 4-6 weeks","rank":0},{"name":"Iraq","timing":"Delivery to this location takes 4-6 weeks","rank":0},{"name":"Ireland","timing":"Delivery to this location takes 4-6 weeks","rank":0},{"name":"Israel","timing":"Delivery to this location takes 4-6 weeks","rank":0},{"name":"Italy","timing":"Delivery to this location takes 4-6 weeks","rank":0},{"name":"Jamaica","timing":"Delivery to this location takes 4-6 weeks","rank":0},{"name":"Japan","timing":"Delivery to this location takes 4-6 weeks","rank":0},{"name":"Jersey","timing":"Delivery to this location takes 4-6 weeks","rank":0},{"name":"Jordan","timing":"Delivery to this location takes 4-6 weeks","rank":0},{"name":"Kazakhstan","timing":"Delivery to this location takes 4-6 weeks","rank":0},{"name":"Kenya","timing":"Delivery to this location takes 4-6 weeks","rank":0},{"name":"Kiribati","timing":"Delivery to this location takes 4-6 weeks","rank":0},{"name":"Korea, Democratic People's Republic of","timing":"Delivery to this location takes 4-6 weeks","rank":0},{"name":"Korea, Republic of","timing":"Delivery to this location takes 4-6 weeks","rank":0},{"name":"Kuwait","timing":"Delivery to this location takes 4-6 weeks","rank":0},{"name":"Kyrgyzstan","timing":"Delivery to this location takes 4-6 weeks","rank":0},{"name":"Laos","timing":"Delivery to this location takes 4-6 weeks","rank":0},{"name":"Latvia","timing":"Delivery to this location takes 4-6 weeks","rank":0},{"name":"Lebanon","timing":"Delivery to this location takes 4-6 weeks","rank":0},{"name":"Lesotho","timing":"Delivery to this location takes 4-6 weeks","rank":0},{"name":"Liberia","timing":"Delivery to this location takes 4-6 weeks","rank":0},{"name":"Libya","timing":"Delivery to this location takes 4-6 weeks","rank":0},{"name":"Liechtenstein","timing":"Delivery to this location takes 4-6 weeks","rank":0},{"name":"Lithuania","timing":"Delivery to this location takes 4-6 weeks","rank":0},{"name":"Luxembourg","timing":"Delivery to this location takes 4-6 weeks","rank":0},{"name":"Macao","timing":"Delivery to this location takes 4-6 weeks","rank":0},{"name":"Macedonia","timing":"Delivery to this location takes 4-6 weeks","rank":0},{"name":"Madagascar","timing":"Delivery to this location takes 4-6 weeks","rank":0},{"name":"Malawi","timing":"Delivery to this location takes 4-6 weeks","rank":0},{"name":"Malaysia","timing":"Delivery to this location takes 4-6 weeks","rank":0},{"name":"Maldives","timing":"Delivery to this location takes 4-6 weeks","rank":0},{"name":"Mali","timing":"Delivery to this location takes 4-6 weeks","rank":0},{"name":"Malta","timing":"Delivery to this location takes 4-6 weeks","rank":0},{"name":"Martinique","timing":"Delivery to this location takes 4-6 weeks","rank":0},{"name":"Mauritania","timing":"Delivery to this location takes 4-6 weeks","rank":0},{"name":"Mauritius","timing":"Delivery to this location takes 4-6 weeks","rank":0},{"name":"Mexico","timing":"Delivery to this location takes 5-10 days","rank":0},{"name":"Moldova","timing":"Delivery to this location takes 4-6 weeks","rank":0},{"name":"Monaco","timing":"Delivery to this location takes 4-6 weeks","rank":0},{"name":"Mongolia","timing":"Delivery to this location takes 4-6 weeks","rank":0},{"name":"Montenegro","timing":"Delivery to this location takes 4-6 weeks","rank":0},{"name":"Montserrat","timing":"Delivery to this location takes 4-6 weeks","rank":0},{"name":"Morocco","timing":"Delivery to this location takes 4-6 weeks","rank":0},{"name":"Mozambique","timing":"Delivery to this location takes 4-6 weeks","rank":0},{"name":"Namibia","timing":"Delivery to this location takes 4-6 weeks","rank":0},{"name":"Nauru","timing":"Delivery to this location takes 4-6 weeks","rank":0},{"name":"Nepal","timing":"Delivery to this location takes 4-6 weeks","rank":0},{"name":"Netherlands","timing":"Delivery to this location takes 4-6 weeks","rank":0},{"name":"New Caledonia","timing":"Delivery to this location takes 4-6 weeks","rank":0},{"name":"New Zealand","timing":"Delivery to this location takes 4-6 weeks","rank":0},{"name":"Nicaragua","timing":"Delivery to this location takes 4-6 weeks","rank":0},{"name":"Niger","timing":"Delivery to this location takes 4-6 weeks","rank":0},{"name":"Nigeria","timing":"Delivery to this location takes 4-6 weeks","rank":0},{"name":"Niue","timing":"Delivery to this location takes 4-6 weeks","rank":0},{"name":"Norfolk Island","timing":"Delivery to this location takes 4-6 weeks","rank":0},{"name":"Norway","timing":"Delivery to this location takes 4-6 weeks","rank":0},{"name":"Oman","timing":"Delivery to this location takes 4-6 weeks","rank":0},{"name":"Pakistan","timing":"Delivery to this location takes 4-6 weeks","rank":0},{"name":"Palestine","timing":"Delivery to this location takes 4-6 weeks","rank":0},{"name":"Panama","timing":"Delivery to this location takes 4-6 weeks","rank":0},{"name":"Papua New Guinea","timing":"Delivery to this location takes 4-6 weeks","rank":0},{"name":"Paraguay","timing":"Delivery to this location takes 4-6 weeks","rank":0},{"name":"Peru","timing":"Delivery to this location takes 4-6 weeks","rank":0},{"name":"Philippines","timing":"Delivery to this location takes 4-6 weeks","rank":0},{"name":"Pitcairn","timing":"Delivery to this location takes 4-6 weeks","rank":0},{"name":"Poland","timing":"Delivery to this location takes 4-6 weeks","rank":0},{"name":"Portugal","timing":"Delivery to this location takes 4-6 weeks","rank":0},{"name":"Qatar","timing":"Delivery to this location takes 4-6 weeks","rank":0},{"name":"Reunion","timing":"Delivery to this location takes 4-6 weeks","rank":0},{"name":"Romania","timing":"Delivery to this location takes 4-6 weeks","rank":0},{"name":"Russian Federation","timing":"Delivery to this location takes 4-6 weeks","rank":0},{"name":"Rwanda","timing":"Delivery to this location takes 4-6 weeks","rank":0},{"name":"Saint Helena","timing":"Delivery to this location takes 4-6 weeks","rank":0},{"name":"Saint Kitts","timing":"Delivery to this location takes 4-6 weeks","rank":0},{"name":"Saint Lucia","timing":"Delivery to this location takes 4-6 weeks","rank":0},{"name":"Saint Martin","timing":"Delivery to this location takes 4-6 weeks","rank":0},{"name":"Saint Pierre and Miquelon","timing":"Delivery to this location takes 4-6 weeks","rank":0},{"name":"Saint Vincent and the Grenadines","timing":"Delivery to this location takes 4-6 weeks","rank":0},{"name":"Samoa","timing":"Delivery to this location takes 4-6 weeks","rank":0},{"name":"San Marino","timing":"Delivery to this location takes 4-6 weeks","rank":0},{"name":"Sao Tome and Principe","timing":"Delivery to this location takes 4-6 weeks","rank":0},{"name":"Saudi Arabia","timing":"Delivery to this location takes 4-6 weeks","rank":0},{"name":"Scotland","timing":"Delivery to this location takes 4-6 weeks","rank":0},{"name":"Senegal","timing":"Delivery to this location takes 4-6 weeks","rank":0},{"name":"Serbia","timing":"Delivery to this location takes 4-6 weeks","rank":0},{"name":"Seychelles","timing":"Delivery to this location takes 4-6 weeks","rank":0},{"name":"Sierra Leone","timing":"Delivery to this location takes 4-6 weeks","rank":0},{"name":"Singapore","timing":"Delivery to this location takes 4-6 weeks","rank":0},{"name":"Slovakia","timing":"Delivery to this location takes 4-6 weeks","rank":0},{"name":"Slovenia","timing":"Delivery to this location takes 4-6 weeks","rank":0},{"name":"Solomon Islands","timing":"Delivery to this location takes 4-6 weeks","rank":0},{"name":"Somalia","timing":"Delivery to this location takes 4-6 weeks","rank":0},{"name":"South Africa","timing":"Delivery to this location takes 4-6 weeks","rank":0},{"name":"Spain","timing":"Delivery to this location takes 4-6 weeks","rank":0},{"name":"Sri Lanka","timing":"Delivery to this location takes 4-6 weeks","rank":0},{"name":"Suriname","timing":"Delivery to this location takes 4-6 weeks","rank":0},{"name":"Swaziland","timing":"Delivery to this location takes 4-6 weeks","rank":0},{"name":"Sweden","timing":"Delivery to this location takes 4-6 weeks","rank":0},{"name":"Switzerland","timing":"Delivery to this location takes 4-6 weeks","rank":0},{"name":"Syrian Arab Republic","timing":"Delivery to this location takes 4-6 weeks","rank":0},{"name":"Taiwan","timing":"Delivery to this location takes 4-6 weeks","rank":0},{"name":"Tajikistan","timing":"Delivery to this location takes 4-6 weeks","rank":0},{"name":"Tanzania","timing":"Delivery to this location takes 4-6 weeks","rank":0},{"name":"Thailand","timing":"Delivery to this location takes 4-6 weeks","rank":0},{"name":"Timor-Leste","timing":"Delivery to this location takes 4-6 weeks","rank":0},{"name":"Togo","timing":"Delivery to this location takes 4-6 weeks","rank":0},{"name":"Tokelau","timing":"Delivery to this location takes 4-6 weeks","rank":0},{"name":"Tonga","timing":"Delivery to this location takes 4-6 weeks","rank":0},{"name":"Trinidad and Tobago","timing":"Delivery to this location takes 4-6 weeks","rank":0},{"name":"Tunisia","timing":"Delivery to this location takes 4-6 weeks","rank":0},{"name":"Turkey","timing":"Delivery to this location takes 4-6 weeks","rank":0},{"name":"Turkmenistan","timing":"Delivery to this location takes 4-6 weeks","rank":0},{"name":"Turks and Caicos Islands","timing":"Delivery to this location takes 4-6 weeks","rank":0},{"name":"Tuvalu","timing":"Delivery to this location takes 4-6 weeks","rank":0},{"name":"Uganda","timing":"Delivery to this location takes 4-6 weeks","rank":0},{"name":"Ukraine","timing":"Delivery to this location takes 4-6 weeks","rank":0},{"name":"United Arab Emirates","timing":"Delivery to this location takes 4-6 weeks","rank":0},{"name":"United Kingdom","timing":"Delivery to this location takes 2-3 weeks","rank":0},{"name":"Uruguay","timing":"Delivery to this location takes 4-6 weeks","rank":0},{"name":"US Minor Outlying Islands","timing":"Delivery to this location takes 4-6 weeks","rank":0},{"name":"Uzbekistan","timing":"Delivery to this location takes 4-6 weeks","rank":0},{"name":"Vanuatu","timing":"Delivery to this location takes 4-6 weeks","rank":0},{"name":"Vatican City","timing":"Delivery to this location takes 4-6 weeks","rank":0},{"name":"Venezuela","timing":"Delivery to this location takes 4-6 weeks","rank":0},{"name":"Vietnam","timing":"Delivery to this location takes 4-6 weeks","rank":0},{"name":"Wallis and Futuna","timing":"Delivery to this location takes 4-6 weeks","rank":0},{"name":"Western Sahara","timing":"Delivery to this location takes 4-6 weeks","rank":0},{"name":"Yemen","timing":"Delivery to this location takes 4-6 weeks","rank":0},{"name":"Zambia","timing":"Delivery to this location takes 4-6 weeks","rank":0},{"name":"Zimbabwe","timing":"Delivery to this location takes 4-6 weeks","rank":0}]}
